"Timestamp","Which formats do you usually use to get your news? (Select all that apply)
","When during the day do you usually check the news? ","How do you typically first discover news or industry trends?","Do you use AI tools to research or summarize news?","If you do, what is your main reason for reading paid news content? (Select all that apply)","If you've ever cancelled a news subscription, why? ","If a news article is written or helped by AI, how would that affect your trust?","Some platforms provide a ""day pass"" or a cheap option for platform use on a 24 hour basis. Would you use a $0.99 day pass on a news platform instead of a subscription? If so, what price would feel reasonable to you? (You can write your answer in “Other” )","How often do you use AI to get around articles you can’t access or summarize content?","Does your employer provide a budget for subscriptions or learning resources?","Which of the following would make you come back to a news platform daily?","After watching a short-form news video, (e.g., on Instagram) what do you usually do next?","What kinds of sources do you usually use for your Job interview prep? (news sites, information aggregators like S&P, creators, other platforms)","How interested would you be in having a single platform curate company-level information for you?","When watching news content, which format do you prefer?
Content-led news story: Third-person perspective, objective fact reporting with minimal personality 
Creator-led news story: A consistent journalist or creator who presents the facts along with their own voice and analysis","Which type of content would you be MOST willing to pay for?","If AI can summarize a news article in 30 seconds, would you prefer to still read the full version?","Which platforms do you use most often for news consumption? (Select all that apply)","Which news outlets do you currently have a paid subscription to, either personally or through your school or employer? (Select all that apply)","What is the maximum you would pay per month for a news product? (You can write your answer in “Other”)","What is your age?","What is your current status?","What feature would make a news subscription a “must-have” for you?","We really appreciate your time and thoughtful responses. We’ll carefully review everything you share. Please feel free to leave any feedback or thoughts, we’d love to hear them!","","","","","","","","",""
"2026/04/09 11:31:16 AM AST","","","","","","","","","","","","","","","","","","","","","","","","","","","","","","","","",""
"2026/04/14 8:54:14 PM AST","Articles on mobile;Articles on app;Substack","Late night (after 9pm)","Social media","Yes, occasionally","Making investment decisions;Staying competitive in career;General awareness;Academic research","Too many ads / bad UI","Trust less but still read","Yes","Occasionally","No","Daily short updates (like 1min summaries);Personalized content feed","Move on to the next video","Social Media","Very Interested","Content-led","Helps me in my career","Yes","TikTok;Instagram;YouTube;The New Yorker","Morning Brew","$0-5","25–34","Working full-time","","","","","","Tech","Business & Markets;Tech & AI;Politics;General news;Industry-specific / niche news;Lifestyle / entertainment","Student discount","5+ years","A few times a week","Under 15 minutes"
"2026/04/14 9:20:31 PM AST","Social media;Audio / podcasts","Early morning (before 9am)","Social media","Rarely","Making investment decisions","Didn’t use it enough","No impact","Yes","Occasionally","No","Daily short updates (like 1min summaries)","Move on to the next video","Social Media","Somewhat Interested","Content-led","Entertainment","Yes","TikTok;Instagram;X  (Twitter);Bloomberg","","$0-5","25–34","Student (full-time/part-time)","","","","","","Media/Marketing","Business & Markets;Tech & AI;Industry-specific / niche news;Lifestyle / entertainment","I don’t pay for news","Less than 1 year","Once a day","Under 15 minutes"
"2026/04/14 9:22:50 PM AST","Articles on mobile;Articles on app","Late morning (9am–12pm)","Word of mouth / Slack / group chats","Yes, occasionally","Making investment decisions;Staying competitive in career;General awareness;Academic research","Never cancelled a subscription","No impact","Yes","Occasionally","Yes","Daily short updates (like 1min summaries);Personalized content feed","Move on to the next video","Information Aggregators (like S&P);News Sites;Industry Trades;Individual Creators / Bloggers","Somewhat Interested","No preference","Breaking news","Yes","YouTube;Podcasts;New York Times (NYT);Wall Street Journal (WSJ);The Economist;Business Insider;Washington Post;Morning Brew;Harvard Business Review;Crunchbase Pro","New York Times (NYT)","$0-5","35–44","Working full-time","Probably none - I like free and easy ","","","","","Tech","Business & Markets;Tech & AI;Politics;General news","I pay out-of-pocket","5+ years","Once a day","15–30 minutes"
"2026/04/14 9:25:54 PM AST","Articles on desktop;Articles on mobile;TV / cable","Late morning (9am–12pm);Late night (after 9pm)","Directly on a news website/app","Rarely","General awareness","Didn’t use it enough","Trust less but still read","No","Occasionally","No","Daily short updates (like 1min summaries)","Nothing / acknowledge and keep scrolling","Information Aggregators (like S&P)","Somewhat Interested","Content-led","Deep explanations / analysis","Only if very interesting","New York Times (NYT);Wall Street Journal (WSJ)","Yahoo Finance","$10-20","25–34","Student (full-time/part-time)","","","","","","Finance","Business & Markets;Tech & AI;Politics","I pay out-of-pocket","","Once a day","15–30 minutes"
"2026/04/14 10:58:09 PM AST","Articles on desktop","Early morning (before 9am)","News aggregators (e.g., Apple News)","Yes, daily","Making investment decisions","Content quality dropped","Completely destroys trust","No","Occasionally","No","Daily short updates (like 1min summaries)","Open an internet search for more information","Social Media","Neutral","Content-led","Breaking news","No","Podcasts;The Guardian;Vanity Fair","Wall Street Journal (WSJ)","I wouldn't pay","25–34","Working full-time","","","","","","Consulting","Politics","I don’t pay for news","1–3 years","A few times a week","Under 15 minutes"
"2026/04/15 12:07:19 PM AST","Articles on desktop;Articles on mobile;Articles on app;Social media;Short-form video (Reels / TikTok / Shorts);Subscription newsletters","Late morning (9am–12pm);Afternoon (2–6pm);Late night (after 9pm)","Email newsletters","Rarely","Making investment decisions;Staying competitive in career;General awareness;Entertainment","Didn’t use it enough","Trust less but still read","Would pay <$1 if there’s an article I really want to read","Occasionally","Yes","Daily short updates (like 1min summaries);Newsletters;Personalized content feed","Depends, all of the above except follow the account","Information Aggregators (like S&P);News Sites;AI and other materials","Somewhat Interested","No preference","Helps me in my career","Only if very interesting","Instagram;YouTube;Podcasts;New York Times (NYT);Wall Street Journal (WSJ);The Economist;Business Insider;Morning Brew;Other industry-specific news sites","Wall Street Journal (WSJ);Morning Brew","$10-20","18–24","Working full-time","It gives me the most fulsome, truthful, and concise updates on things I care about: markets, industry-specific news, politics, and general news","","","","","Finance","Business & Markets;Tech & AI;Politics;Industry-specific / niche news","I pay out-of-pocket","1–3 years","Multiple times a day","15–30 minutes"
"2026/04/15 12:20:24 PM AST","Social media;Audio / podcasts;Long-form video (YouTube)","Early morning (before 9am);Late morning (9am–12pm);Lunch time (12–2pm);Afternoon (2–6pm);Evening (6–9pm);Late night (after 9pm)","Social media","Never","Making investment decisions;Staying competitive in career;General awareness","Never cancelled a subscription","Would not pay","No","Occasionally","Yes","Personalized content feed","Nothing / acknowledge and keep scrolling","Social Media;Industry Trades","Somewhat Interested","Creator-led","Helps me in my career","Only if very interesting","X  (Twitter);YouTube;Bloomberg","","$5-10","18–24","Working full-time","","","","","","Finance","Business & Markets;Politics;Industry-specific / niche news","I don’t pay for news","1–3 years","Once a day","1+ hour"
"2026/04/20 7:28:16 PM AST","Short-form video (Reels / TikTok / Shorts);Interactive charts / data","Early morning (before 9am)","Social media","Yes, daily","Staying competitive in career;General awareness","Too expensive","Completely destroys trust","No","Occasionally","No","Daily short updates (like 1min summaries)","Move on to the next video","Social Media","Somewhat Interested","Creator-led","Helps me make financial/investment decisions","Yes","TikTok;Instagram;X  (Twitter);YouTube;Substack;Podcasts;New York Times (NYT)","","$0-5","18–24","Student (full-time/part-time)","","","","","","Finance","Business & Markets;Tech & AI","Student discount","Less than 1 year","","Under 15 minutes"
"2026/04/21 11:34:25 AM AST","Articles on desktop browser;Articles on mobile broswer;Short-form video (Reels / TikTok / Shorts);Long-form video (YouTube);Substack;Audio / podcasts;Interactive charts / data;Social media","Early morning (before 9am);Lunch time (12–2pm);Evening (6–9pm)","Social media","Never","","","Completely destroys trust","Yes","Never","No","credibility and being easier to consume than raw data is enough","Open an internet search for more information","I don't prep for job interviews","Not Interested","Content-led","plainly factual reporting, oriented around generally informed citizenship","Yes","YouTube;Substack;The Atlantic;BBC","","$0-5","25–34","Working part-time/freelancing","aggressive left leaning bias","This quiz seems to hold a lot of space for people who engage with news for the sake of their own financial advancement. I hope this reflects only the views of those who are likely to engage with this quiz, not the views of the larger population. Truth over profits.","","","","entertainment","Politics;General news;Industry-specific / niche news","I don’t pay for news","Less than 1 year","","30–60 minutes"
"2026/04/21 12:21:40 PM AST","Articles on desktop browser;Articles on mobile broswer;Short-form video (Reels / TikTok / Shorts);Long-form video (YouTube);Social media","Late morning (9am–12pm);Lunch time (12–2pm);Late night (after 9pm)","Social media","Yes, occasionally","Staying competitive in career","Didn’t use it enough","Trust less but still read","No","Occasionally","No","Daily short updates (like 1min summaries)","Move on to the next video","Information Aggregators (like S&P);Social Media;Individual Creators / Bloggers","Neutral","Content-led","Helps me in my career","Yes","X  (Twitter);YouTube;Wall Street Journal (WSJ);Bloomberg","Wall Street Journal (WSJ)","","18–24","Student (full-time/part-time)","","","","","","Tech","Business & Markets;Tech & AI;Politics;General news","Student discount","Less than 1 year","","30–60 minutes"
"2026/04/21 8:20:45 PM AST","Articles on mobile broswer;Short-form video (Reels / TikTok / Shorts);Social media","Early morning (before 9am)","Social media","Yes, daily","Staying competitive in career;General awareness","Never paid for news","No impact","Yes","Frequently","Not sure","Daily short updates (like 1min summaries)","Look for a link to read the full article","Information Aggregators (like S&P)","Very Interested","Creator-led","Helps me in my career;Helps me make financial/investment decisions;Entertainment","Only if very interesting","Instagram;YouTube;Podcasts;New York Times (NYT);Wall Street Journal (WSJ);The Economist;Business Insider;The New Yorker","New York Times (NYT);The Economist","$0-5","25–34","Student (full-time/part-time)","","","","","","","","","","",""
"2026/04/21 8:28:46 PM AST","Articles on desktop browser;Articles on mobile broswer;Interactive charts / data","Early morning (before 9am);Late night (after 9pm)","Email newsletters","Rarely","General awareness;Entertainment","Found similar content for free","Trust less but still read","Yes","Occasionally","Yes","Daily short updates (like 1min summaries);Newsletters;Personalized content feed","Look for a link to read the full article","News Sites;Industry Trades","Very Interested","Content-led","Helps me make financial/investment decisions;Deep explanations / analysis;Story aggregation (many specific news stories curated to my interests)","Only if very interesting","New York Times (NYT);Wall Street Journal (WSJ);Harvard Business Review","New York Times (NYT);Wall Street Journal (WSJ);The Economist","$10-20","45–54","Working full-time","","","","","","","","","","",""
"2026/04/21 8:31:34 PM AST","Articles on desktop browser;Articles on mobile broswer;Articles on news app;Short-form video (Reels / TikTok / Shorts);Long-form video (YouTube);Audio / podcasts;Social media","Lunch time (12–2pm);Afternoon (2–6pm)","Social media","Yes, daily","Making investment decisions;Staying competitive in career;General awareness","Never paid for news","Completely destroys trust","Yes","Frequently","Yes","Daily short updates (like 1min summaries);Personalized content feed;Interactive features (eg. games, quizzes)","Begin looking at similar videos","Information Aggregators (like S&P);Social Media;Industry Trades","Somewhat Interested","No preference","Helps me in my career;Helps me make financial/investment decisions;Breaking news;Entertainment;Story aggregation (many specific news stories curated to my interests)","Only if very interesting","TikTok;Instagram;YouTube;Podcasts;New York Times (NYT);Wall Street Journal (WSJ)","New York Times (NYT);Wall Street Journal (WSJ)","I wouldn't pay","18–24","Between roles/job searching","tailored news, no ads, some interesting functions like vertical videos for unlimited and could be downloaded.","","","","","","","","","",""
"2026/04/27 4:38:01 PM AST","Articles on mobile broswer","Early morning (before 9am)","Social media","Yes, daily","General awareness;I do not pay for any news content","Never paid for news","Trust less but still read","Yes","Frequently","Not sure","Daily short updates (like 1min summaries);Personalized content feed;Interactive features (eg. games, quizzes)","Move on to the next video","News Sites;Social Media","Somewhat Interested","Creator-led","Helps me in my career;Breaking news;Story aggregation (many specific news stories curated to my interests)","Only if very interesting","YouTube;Podcasts;New York Times (NYT);The Economist","","I wouldn't pay","25–34","Student (full-time/part-time)","","","","","","","","","","",""
"2026/04/27 4:47:41 PM AST","Articles on desktop browser;Articles on mobile broswer;Short-form video (Reels / TikTok / Shorts);TV / cable;Social media (Instagram / Reddit / non vertical video)","Afternoon (2–6pm);Evening (6–9pm)","Social media","Never","I do not pay for any news content","Never paid for news","Trust less but still read","Yes","Never","Yes","Daily short updates (like 1min summaries);Personalized content feed","Look for a link to read the full article","Information Aggregators (like S&P);Industry Trades","Very Interested","Content-led","Helps me make financial/investment decisions;Deep explanations / analysis;Breaking news;Story aggregation (many specific news stories curated to my interests)","Yes","Instagram;New York Times (NYT);Wall Street Journal (WSJ);The Economist;Washington Post;USA Today;Reuters;Financial Times;The New Yorker","","$0-5","25–34","Working full-time","","","","","","","","","","",""
"2026/04/27 4:48:11 PM AST","Articles on desktop browser;Articles on mobile broswer;TV / cable;Social media (Instagram / Reddit / non vertical video)","Early morning (before 9am);Late morning (9am–12pm);Lunch time (12–2pm);Afternoon (2–6pm);Evening (6–9pm);Late night (after 9pm)","News aggregators (e.g., Apple News)","Never","I do not pay for any news content","Content quality dropped","Completely destroys trust","No","Never","Not sure","Daily short updates (like 1min summaries)","Look for a link to read the full article","Search engines","Not Interested","Content-led","Entertainment","Yes","NPR, Reddit","","$5-10","35–44","Working full-time","An impression that the content is of significantly higher quality than what is available for free, belief in the mission and values of the outlet.","","","","","","","","","",""
"2026/04/27 4:51:45 PM AST","Articles on mobile broswer;Articles on a news app;Short-form video (Reels / TikTok / Shorts);Long-form video (YouTube / Etc)","Late morning (9am–12pm);Afternoon (2–6pm);Evening (6–9pm)","Notifications on my phone from news apps","Yes, occasionally","Staying competitive in career","Never cancelled a subscription","Trust less but still read","No","Occasionally","Yes","Daily short updates (like 1min summaries);Personalized content feed","Move on to the next video","AI tools to summarize things ","Somewhat Interested","Content-led","Helps me in my career","Only if very interesting","Instagram;YouTube;New York Times (NYT);Wall Street Journal (WSJ)","New York Times (NYT);Wall Street Journal (WSJ)","$5-10","35–44","Working full-time","Key highlights ","Put demographics at the end of the survey instead of the beginning ","","","","","","","","",""
"2026/04/27 4:52:31 PM AST","Articles on desktop browser;Articles on mobile broswer;Articles on a news app;Short-form video (Reels / TikTok / Shorts);Long-form video (YouTube / Etc);Substack;Audio / podcasts;TV / cable","Early morning (before 9am);Late morning (9am–12pm);Lunch time (12–2pm);Afternoon (2–6pm);Evening (6–9pm);Late night (after 9pm)","Social media","Yes, occasionally","Making investment decisions;Staying competitive in career;General awareness","Didn’t use it enough","Trust less but still read","Yes","Never","Yes","Daily short updates (like 1min summaries);Newsletters;Personalized content feed","Move on to the next video","Information Aggregators (like S&P);News Sites;Industry Trades;Individual Creators / Bloggers","Very Interested","Content-led","Helps me in my career;Helps me make financial/investment decisions;Deep explanations / analysis","Yes","TikTok;X  (Twitter);YouTube;Substack;Podcasts;New York Times (NYT);Wall Street Journal (WSJ);Reuters;Bloomberg;Financial Times;New York Post","New York Times (NYT);Wall Street Journal (WSJ);Business Insider;Washington Post;Reuters;Bloomberg;Financial Times","$10-20","35–44","Working full-time","Well sourced, well written articles on specific sectors. ","This is a strong survey. ","","","","","","","","",""
"2026/04/27 4:52:48 PM AST","Articles on mobile broswer","Early morning (before 9am);Evening (6–9pm)","Directly on a news website/app","Never","I do not pay for any news content","Too expensive","Trust less but still read","No","Never","No","Personalized content feed","Look for a link to read the full article","Information Aggregators (like S&P);News Sites","Somewhat Interested","No preference","Helps me make financial/investment decisions;Deep explanations / analysis","Yes","The Economist;Business Insider;Associated Press;The Atlantic;The New Yorker","","$0-5","35–44","Working full-time","N/A","","","","","","","","","",""
"2026/04/27 4:54:19 PM AST","Articles on desktop browser;Articles on mobile broswer;Social media (Instagram / Reddit / non vertical video)","Late morning (9am–12pm);Late night (after 9pm)","Email newsletters","Never","I do not pay for any news content","Found similar content for free","Trust less but still read","No","Never","Yes","Newsletters;Employer or friends are discussing the specific news provider. Specific research I can’t get elsewhere ","Move on to the next video","News Sites;Social Media","Neutral","Content-led","Deep explanations / analysis;Story aggregation (many specific news stories curated to my interests)","Only if very interesting","Instagram;New York Times (NYT);Wall Street Journal (WSJ);Bloomberg;Litquidity does a good industry specific newsletter","Wall Street Journal (WSJ)","$20+ if it helps my job or is necessary for social life ","35–44","Working full-time","Friends or coworkers discuss it. Aggregates related news items (so it’s a high level overview and in particular of stuff I otherwise wouldn’t know is relevant / related).","","","","","","","","","",""
"2026/04/27 4:56:52 PM AST","Articles on desktop browser;Articles on a news app;Long-form video (YouTube / Etc);Audio / podcasts;TV / cable;Subscription daily emails (e.g. ""The Morning"" from NY Times)","Early morning (before 9am);Late morning (9am–12pm);Lunch time (12–2pm);Evening (6–9pm);Late night (after 9pm)","Email newsletters","Rarely","General awareness","Never cancelled a subscription","Trust less but still read","Yes","Never","No","Daily short updates (like 1min summaries);Newsletters","I don't really consume news in short video form","The target company's website, itself. Usually the Investor Relations section.","Not Interested","Content-led","Deep explanations / analysis","Yes","YouTube;Podcasts;New York Times (NYT);Wall Street Journal (WSJ);The Economist;The New York Post","New York Times (NYT);Wall Street Journal (WSJ);The Economist;YouTube","$10-20","35–44","Working full-time","I don't know if this is a ""feature"" so much as an ""attribute,"" but above all-else, it mustn't be obviously biased. It needs to present things in an objective, fair, balanced way, or disclose its opinions in an aboveboard way. Secondly, it mustn't be ""gimmicky."" I really can't stand receiving alerts containing ""BREAKING"" in all caps or anything sensational. I don't like feeling like my media outlets are nakedly trying to get an emotional or hysterical rise out of me. Hope that makes sense! ","An interesting survey to fill out. Good luck with the project!","","","","","","","","",""
"2026/04/27 4:57:59 PM AST","Articles on mobile broswer;Audio / podcasts;Social media (Instagram / Reddit / non vertical video)","Early morning (before 9am);Late morning (9am–12pm);Lunch time (12–2pm);Afternoon (2–6pm);Evening (6–9pm);Late night (after 9pm)","Social media","Never","I do not pay for any news content","Found similar content for free","Completely destroys trust","Yes","Occasionally","No","Aggregation. I refuse to subscribe to single sources like the New York Times who have demonstrated themselves to be liars many times over.","Follow the account","Social Media;Individual Creators / Bloggers","Not Interested","Content-led","None","Only if very interesting","Instagram;Podcasts;The Economist;Associated Press;Reuters;Reddit","","$0-5","25–34","Working full-time and student part-time","None","","","","","","","","","",""
"2026/04/27 4:59:06 PM AST","Long-form video (YouTube / Etc);Social media (Instagram / Reddit / non vertical video)","Early morning (before 9am)","News aggregators (e.g., Apple News)","Never","I do not pay for any news content","Never paid for news","Completely destroys trust","No","Never","No","Daily short updates (like 1min summaries);Personalized content feed","Move on to the next video","News Sites;Social Media","Neutral","Content-led","Helps me in my career;Breaking news;Entertainment","No","YouTube;Wall Street Journal (WSJ);Reuters","","$0-5","35–44","Working full-time","Objective, unbiased news reporting","","","","","","","","","",""
"2026/04/27 4:59:23 PM AST","Articles on desktop browser;Articles on mobile broswer;Articles on a news app;Short-form video (Reels / TikTok / Shorts);Long-form video (YouTube / Etc);Substack;Audio / podcasts;TV / cable;Interactive charts / data;Social media (Instagram / Reddit / non vertical video)","Early morning (before 9am);Lunch time (12–2pm);Evening (6–9pm)","Directly on a news website/app","Never","General awareness","Didn’t use it enough","Trust less but still read","No","Occasionally","No","Daily short updates (like 1min summaries);Newsletters;Interactive features (eg. games, quizzes)","Move on to the next video","Information Aggregators (like S&P);News Sites;Social Media;Industry Trades;Individual Creators / Bloggers","Somewhat Interested","Creator-led","Helps me make financial/investment decisions","Yes","Instagram;YouTube;Podcasts;New York Times (NYT);Wall Street Journal (WSJ);The Economist;Reuters;Bloomberg;Harvard Business Review","New York Times (NYT)","$10-20","35–44","Working part-time/freelancing","Credibility and history of unbiased news and information reporting. ","","","","","","","","","",""
"2026/04/27 5:00:35 PM AST","Articles on desktop browser;Articles on a news app;Audio / podcasts;TV / cable;Social media (Instagram / Reddit / non vertical video)","Late morning (9am–12pm)","Directly on a news website/app","Rarely","","","","","","","","","","","","","","","","","25–34","Working full-time","","","","","","","","","","",""
"2026/04/27 5:00:37 PM AST","Articles on desktop browser;Articles on mobile broswer;Short-form video (Reels / TikTok / Shorts);Interactive charts / data","Early morning (before 9am);Late morning (9am–12pm);Lunch time (12–2pm);Afternoon (2–6pm)","Social media","Never","General awareness;Academic research","Didn’t use it enough","I would not pay for it","Yes","Never","No","Newsletters;Personalized content feed","Move on to the next video","Industry Trades;Individual Creators / Bloggers","Very Interested","Content-led","Helps me in my career;Deep explanations / analysis;Story aggregation (many specific news stories curated to my interests);Quality, independent journalism","Only if very interesting","Instagram;New York Times (NYT);The New Yorker","New York Times (NYT);The New Yorker;Hells Gate, New York Magazine","$0-5","35–44","Working full-time","Newsletter-- I want it to come to me. And objective, factual journalism","","","","","","","","","",""
"2026/04/27 5:00:48 PM AST","Articles on mobile broswer;Articles on a news app;Short-form video (Reels / TikTok / Shorts);Long-form video (YouTube / Etc);Substack;Social media (Instagram / Reddit / non vertical video)","Late morning (9am–12pm);Lunch time (12–2pm)","Social media","Yes, daily","I do not pay for any news content","Never paid for news","I would not pay for it","No","Occasionally","Yes","Daily short updates (like 1min summaries)","Move on to the next video","News Sites;Social Media","Somewhat Interested","Content-led","Helps me in my career;Helps me make financial/investment decisions","Only if very interesting","Instagram;New York Times (NYT);Wall Street Journal (WSJ)","N/a","I wouldn't pay","25–34","Working full-time","Audio ","","","","","","","","","",""
"2026/04/27 5:02:47 PM AST","Articles on desktop browser;Articles on a news app;Long-form video (YouTube / Etc)","Late morning (9am–12pm);Lunch time (12–2pm)","Social media","Rarely","Making investment decisions;Staying competitive in career","Never cancelled a subscription","Trust less but still read","Same way as Newspaper ","Occasionally","No","Daily short updates (like 1min summaries);Personalized content feed","Look for a link to read the full article","News Sites;Industry Trades;Individual Creators / Bloggers","Somewhat Interested","Content-led","Helps me in my career;Helps me make financial/investment decisions","Only if very interesting","New York Times (NYT);The Economist;The Atlantic;Bloomberg;The Guardian;The New Yorker;Yahoo Finance","New York Times (NYT);Bloomberg;The Guardian","$10-20","18–24","Student (full-time/part-time)","Auditors Interpretation rather than objective data ","","","","","","","","","",""
"2026/04/27 5:05:24 PM AST","Articles on mobile broswer;Social media (Instagram / Reddit / non vertical video)","Early morning (before 9am)","Social media","Never","I do not pay for any news content","All news have been bought by a select few, so it’s become homogeneous and specific to their agenda. I also can’t justify paying. ","Completely destroys trust","Yes, but only if they didn’t auto renew. I loathe that, too easy to forget and get caught paying for a years worth of subscriptions I don’t use. ","Never","No","A physical newspaper being delivered to my door 😂","Look for a link to read the full article","","Somewhat Interested","Content-led","Helps me make financial/investment decisions","Yes","New York Times (NYT);The Atlantic;The Guardian;Threads ","","I wouldn't pay","35–44","Full time student and Freelance work. ","I’m really done with subscriptions tbh, but I like the idea of the $.99 for 24 hr access. ","","","","","","","","","",""
"2026/04/27 5:07:23 PM AST","Articles on desktop browser;Articles on mobile broswer","Early morning (before 9am);Late morning (9am–12pm)","Directly on a news website/app","Never","I do not pay for any news content","Never paid for news","No impact","No","Occasionally","Yes","Daily short updates (like 1min summaries)","Look for a link to read the full article","Information Aggregators (like S&P);News Sites","Somewhat Interested","Content-led","Helps me in my career;Helps me make financial/investment decisions","Only if very interesting","Substack;Reuters;Realclearpolitics ","","$0-5","35–44","Working full-time","","","","","","","","","","",""
"2026/04/27 5:07:45 PM AST","Articles on a news app;Short-form video (Reels / TikTok / Shorts);Social media (Instagram / Reddit / non vertical video)","Early morning (before 9am);Late morning (9am–12pm)","Social media","Rarely","I do not pay for any news content","Didn’t use it enough","Trust less but still read","Yes","Frequently","Yes","Daily short updates (like 1min summaries);Personalized content feed","Look for a link to read the full article","Information Aggregators (like S&P);News Sites;Social Media;Industry Trades","Very Interested","Content-led","Helps me make financial/investment decisions;Deep explanations / analysis;Breaking news","Only if very interesting","Instagram;YouTube;New York Times (NYT);Wall Street Journal (WSJ);Financial Times;The New Yorker;Yahoo Finance","New York Times (NYT);Wall Street Journal (WSJ)","$5-10","25–34","Working full-time","Personalized news feed","","","","","","","","","",""
"2026/04/27 5:09:41 PM AST","Articles on desktop browser;Long-form video (YouTube / Etc)","Early morning (before 9am)","Directly on a news website/app","Yes, occasionally","Making investment decisions;Staying competitive in career;General awareness","Never cancelled a subscription","No impact","No","Occasionally","No","I don’t use news daily","Open an internet search for more information","News Sites;Industry Trades","Neutral","Content-led","Helps me in my career;Deep explanations / analysis","Only if very interesting","Instagram;X  (Twitter);YouTube;New York Times (NYT);The Economist;Business Insider;Bloomberg;Financial Times;Morning Brew","New York Times (NYT);The Economist;Bloomberg;Financial Times","$5-10","65+","Working full-time","International news","","","","","","","","","",""
"2026/04/27 5:10:35 PM AST","Articles on desktop browser;Articles on mobile broswer;Articles on a news app;Long-form video (YouTube / Etc);Audio / podcasts;TV / cable","Early morning (before 9am);Late morning (9am–12pm);Lunch time (12–2pm);Afternoon (2–6pm);Evening (6–9pm)","News aggregators (e.g., Apple News)","Yes, daily","Making investment decisions;Staying competitive in career;General awareness","Didn’t use it enough","Trust less but still read","No","Frequently","Yes","Daily short updates (like 1min summaries);Newsletters","Move on to the next video","Information Aggregators (like S&P)","Somewhat Interested","No preference","Helps me in my career;Helps me make financial/investment decisions;Deep explanations / analysis;Breaking news;Story aggregation (many specific news stories curated to my interests)","Only if very interesting","YouTube;Podcasts;New York Times (NYT);Wall Street Journal (WSJ);The Economist;Bloomberg;Financial Times","New York Times (NYT);Wall Street Journal (WSJ);The Economist;Bloomberg;Financial Times","$10-20","35–44","Working full-time","Summaries","","","","","","","","","",""
"2026/04/27 5:12:53 PM AST","Articles on desktop browser;Articles on mobile broswer;Articles on a news app;Short-form video (Reels / TikTok / Shorts);Audio / podcasts;TV / cable;Social media (Instagram / Reddit / non vertical video)","Late morning (9am–12pm);Evening (6–9pm);Late night (after 9pm)","Social media","Never","I do not pay for any news content","Never paid for news","Trust less but still read","No","Occasionally","No","I don’t use news daily","Open an internet search for more information","News Sites;Industry Trades;Individual Creators / Bloggers","Neutral","Content-led","Helps me in my career","Only if very interesting","TikTok;Instagram;X  (Twitter);New York Times (NYT);Associated Press;Reuters;The Guardian","","I wouldn't pay","18–24","Working full-time","Nothing, I feel like I get enough (and too much sometimes) news from the free resources out there ","","","","","","","","","",""
"2026/04/27 5:21:11 PM AST","Articles on mobile broswer;Articles on a news app;Long-form video (YouTube / Etc);Audio / podcasts","Early morning (before 9am);Evening (6–9pm)","News aggregators (e.g., Apple News)","Never","General awareness","","I would not pay for it","Yes","Never","No","Daily short updates (like 1min summaries);Personalized content feed","Look for a link to read the full article","News Sites;Industry Trades","Somewhat Interested","Content-led","Helps me make financial/investment decisions;Deep explanations / analysis;Breaking news","Only if very interesting","X  (Twitter);YouTube;Podcasts;New York Times (NYT);Wall Street Journal (WSJ);The Economist;Washington Post;Associated Press;Reuters;Financial Times","New York Times (NYT);Wall Street Journal (WSJ);Washington Post;USA Today;Associated Press;Reuters;Financial Times","$10-20","35–44","Student (full-time/part-time)","","","","","","","","","","",""
"2026/04/27 5:21:16 PM AST","Articles on desktop browser;Articles on a news app;Short-form video (Reels / TikTok / Shorts);Long-form video (YouTube / Etc);TV / cable;Social media (Instagram / Reddit / non vertical video)","Late morning (9am–12pm);Evening (6–9pm)","News aggregators (e.g., Apple News)","Never","General awareness","Found similar content for free","Trust less but still read","No","Never","No","Personalized content feed;Interactive features (eg. games, quizzes)","Move on to the next video","News Sites","Neutral","Content-led","Deep explanations / analysis;Breaking news","Yes","New York Times (NYT);Wall Street Journal (WSJ);Bloomberg","New York Times (NYT);Wall Street Journal (WSJ);Bloomberg","$0-5","18–24","Working full-time","","","","","","","","","","",""
"2026/04/27 5:22:54 PM AST","Articles on mobile broswer;Articles on a news app;Short-form video (Reels / TikTok / Shorts);Audio / podcasts;Social media (Instagram / Reddit / non vertical video)","Early morning (before 9am);Late night (after 9pm)","News aggregators (e.g., Apple News)","Never","I do not pay for any news content","Never paid for news","Trust less but still read","No","Never","Yes","Daily short updates (like 1min summaries);Personalized content feed;Interactive features (eg. games, quizzes)","Move on to the next video","News Sites;Individual Creators / Bloggers","Somewhat Interested","Content-led","Helps me in my career;Helps me make financial/investment decisions","Only if very interesting","TikTok;Instagram;Podcasts;Wall Street Journal (WSJ)","","$0-5","25–34","Working full-time","","","","","","","","","","",""
"2026/04/27 5:22:57 PM AST","Articles on a news app;Short-form video (Reels / TikTok / Shorts);Long-form video (YouTube / Etc);Audio / podcasts;Social media (Instagram / Reddit / non vertical video)","Early morning (before 9am);Lunch time (12–2pm);Evening (6–9pm);Late night (after 9pm)","Social media","Rarely","Making investment decisions;Staying competitive in career","Too expensive","No impact","Yes","Occasionally","Not sure","I don’t use news daily","Open an internet search for more information","Information Aggregators (like S&P);Industry Trades","Neutral","Content-led","Helps me make financial/investment decisions","Only if very interesting","TikTok;YouTube;Podcasts;New York Times (NYT);Wall Street Journal (WSJ);Bloomberg;Financial Times;Harvard Business Review","New York Times (NYT);Wall Street Journal (WSJ)","$0-5","35–44","Student (full-time/part-time)","","","","","","","","","","",""
"2026/04/27 5:23:45 PM AST","Articles on mobile broswer;Articles on a news app;Substack;Audio / podcasts","Early morning (before 9am);Late morning (9am–12pm);Lunch time (12–2pm);Afternoon (2–6pm);Evening (6–9pm);Late night (after 9pm)","Email newsletters","Rarely","I do not pay for any news content","Didn’t use it enough","Trust less but still read","No","Never","Yes","Newsletters","I don’t have social media ","Information Aggregators (like S&P);News Sites","Very Interested","Content-led","Helps me in my career;Deep explanations / analysis","Yes","Substack;Podcasts;Wall Street Journal (WSJ);The Economist;Bloomberg;Financial Times","Wall Street Journal (WSJ);Financial Times","I wouldn't pay","25–34","Working full-time","Unique reporting and insight into behind the scenes corporate developments ","","","","","","","","","",""
"2026/04/27 5:33:10 PM AST","Articles on desktop browser;Social media (Instagram / Reddit / non vertical video);Bloomberg TV via work","Late morning (9am–12pm)","Word of mouth / Slack / group chats","Yes, occasionally","Making investment decisions;Staying competitive in career;General awareness;Academic research","Found similar content for free","I would not pay for it","No","Occasionally","Yes","Daily short updates (like 1min summaries);Newsletters","Move on to the next video","Information Aggregators (like S&P);Social Media","Neutral","Content-led","Helps me in my career","Yes","Wall Street Journal (WSJ);Bloomberg;Financial Times","Financial Times","$5-10","25–34","Working full-time","Only if it was directly tied to work necessity. On a personal standpoint, I don’t really consider anything to be a must have beyond accurate and fact based reporting","","","","","","","","","",""
"2026/04/27 5:34:26 PM AST","Articles on mobile broswer;Articles on a news app;Short-form video (Reels / TikTok / Shorts);Substack;Audio / podcasts;Social media (Instagram / Reddit / non vertical video)","Early morning (before 9am);Evening (6–9pm);Late night (after 9pm)","News aggregators (e.g., Apple News)","Rarely","Making investment decisions;Staying competitive in career;General awareness","Too expensive","No impact","No","Never","Yes","Daily short updates (like 1min summaries);Personalized content feed","Open an internet search for more information","Information Aggregators (like S&P);News Sites;Industry Trades","Very Interested","Content-led","Helps me in my career;Helps me make financial/investment decisions;Deep explanations / analysis;Breaking news;Story aggregation (many specific news stories curated to my interests)","Only if very interesting","Instagram;X  (Twitter);Substack;Podcasts;New York Times (NYT);Wall Street Journal (WSJ);Washington Post;Bloomberg;Financial Times","New York Times (NYT);Wall Street Journal (WSJ);Washington Post;Financial Times","$5-10","25–34","Student (full-time/part-time)","personalized feed summary","","","","","","","","","",""
"2026/04/27 5:34:56 PM AST","Articles on a news app;Long-form video (YouTube / Etc)","Early morning (before 9am);Evening (6–9pm)","News aggregators (e.g., Apple News)","Rarely","Staying competitive in career;General awareness;Entertainment","Didn’t use it enough","No impact","Yes","Never","No","Personalized content feed;Interactive features (eg. games, quizzes)","Open an internet search for more information","Information Aggregators (like S&P);Social Media","Very Interested","Content-led","Helps me in my career;Deep explanations / analysis","Only if very interesting","X  (Twitter);YouTube;New York Times (NYT);Reuters","New York Times (NYT);Wall Street Journal (WSJ)","$5-10","18–24","Working part-time/freelancing","Daily podcast form summary. AI or otherwise","","","","","","","","","",""
"2026/04/27 5:37:57 PM AST","Articles on mobile broswer;Articles on a news app;Email ","Early morning (before 9am);Lunch time (12–2pm)","Directly on a news website/app","Never","Making investment decisions;Staying competitive in career;General awareness;Academic research","Didn’t use it enough","Trust less but still read","No","Never","No","Newsletters;Personalized content feed","Begin looking at similar videos","Information Aggregators (like S&P);News Sites;Individual Creators / Bloggers","Very Interested","Creator-led","Helps me in my career;Helps me make financial/investment decisions","Yes","Substack;New York Times (NYT);Wall Street Journal (WSJ);The Economist;Washington Post;Reuters;Bloomberg;Financial Times","Wall Street Journal (WSJ);The Economist;Financial Times","$20+","25–34","Student (full-time/part-time)","","","","","","","","","","",""
"2026/04/27 5:38:51 PM AST","Articles on desktop browser;Articles on mobile broswer;Articles on a news app;Short-form video (Reels / TikTok / Shorts);Audio / podcasts;Social media (Instagram / Reddit / non vertical video)","Late morning (9am–12pm);Afternoon (2–6pm);Evening (6–9pm)","Directly on a news website/app","Rarely","General awareness","Too expensive","Trust less but still read","No","Never","No","Newsletters;Personalized content feed","Open an internet search for more information","Industry Trades;Individual Creators / Bloggers","Neutral","Content-led","Deep explanations / analysis","Yes","TikTok;Instagram;Substack;Podcasts;New York Times (NYT);Associated Press;Reuters;The New Yorker;Vanity Fair;Harvard Business Review","New York Times (NYT)","$5-10","35–44","Student (full-time/part-time)","","","","","","","","","","",""
"2026/04/27 5:44:18 PM AST","Articles on mobile broswer;Articles on a news app;Short-form video (Reels / TikTok / Shorts);Social media (Instagram / Reddit / non vertical video);Summarization through LLM, news letters","Late morning (9am–12pm);Evening (6–9pm);Late night (after 9pm)","Social media","Yes, daily","Staying competitive in career;General awareness","Didn’t use it enough","Trust less but still read","No","Frequently","No","Daily short updates (like 1min summaries);Newsletters;Personalized content feed","Begin looking at similar videos","News Sites;AI assisted search","Somewhat Interested","Content-led","Helps me in my career","No","YouTube;New York Times (NYT);Wall Street Journal (WSJ);The Economist;Business Insider;USA Today;The Guardian","Harvard Business Review","$0-5","55–64","Working full-time","Short and to the point- aggregated information with ability to expand to more details if I’m interested ","There are too many news channels and sources of info- a paid product must be able to set itself apart from all the others","","","","","","","","",""
"2026/04/27 5:52:26 PM AST","Short-form video (Reels / TikTok / Shorts);Social media (Instagram / Reddit / non vertical video)","Early morning (before 9am);Evening (6–9pm)","Social media","Yes, occasionally","Staying competitive in career;Academic research","Didn’t use it enough","I would not pay for it","Yes","Frequently","Not sure","Daily short updates (like 1min summaries);Personalized content feed;Interactive features (eg. games, quizzes)","Open an internet search for more information","Information Aggregators (like S&P)","Somewhat Interested","Content-led","Helps me in my career;Helps me make financial/investment decisions","Only if very interesting","Instagram;Substack;Financial Times","","$5-10","25–34","Working full-time","","","","","","","","","","",""
"2026/04/27 5:54:50 PM AST","Articles on mobile broswer;Short-form video (Reels / TikTok / Shorts);Social media (Instagram / Reddit / non vertical video)","Early morning (before 9am);Late night (after 9pm)","Social media","Never","General awareness;Academic research","Found similar content for free","I would not pay for it","Yes","Occasionally","No","Daily short updates (like 1min summaries);Personalized content feed","Move on to the next video","News Sites","Somewhat Interested","Content-led","Helps me in my career","Only if very interesting","TikTok;Instagram;X  (Twitter);New York Times (NYT);Wall Street Journal (WSJ);Bloomberg;Financial Times","New York Times (NYT);Wall Street Journal (WSJ);The Economist","$0-5","25–34","Working full-time","Inside info analysis ","","","","","","","","","",""
"2026/04/27 6:01:02 PM AST","Articles on a news app;TV / cable","Early morning (before 9am)","Directly on a news website/app","Yes, occasionally","Making investment decisions;Staying competitive in career","Didn’t use it enough","I would not pay for it","No","Frequently","No","Daily short updates (like 1min summaries);Personalized content feed","Open an internet search for more information","Information Aggregators (like S&P);Social Media","Neutral","Content-led","Helps me in my career;Helps me make financial/investment decisions;Deep explanations / analysis","Only if very interesting","Podcasts;Wall Street Journal (WSJ);Yahoo Finance","","$10-20","25–34","Working full-time","Exclusive ","","","","","","","","","",""
"2026/04/27 6:02:52 PM AST","Articles on desktop browser;Articles on mobile broswer;Articles on a news app;Long-form video (YouTube / Etc)","Early morning (before 9am);Lunch time (12–2pm);Evening (6–9pm)","News aggregators (e.g., Apple News)","Never","General awareness","Didn’t use it enough","Completely destroys trust","No","Never","Not sure","Daily short updates (like 1min summaries);Personalized content feed","Move on to the next video","Industry Trades","Not Interested","Content-led","","Yes","Instagram;YouTube;New York Times (NYT)","New York Times (NYT)","I wouldn't pay","35–44","Working full-time","","","","","","","","","","",""
"2026/04/27 6:03:57 PM AST","Articles on mobile broswer;Articles on a news app;Short-form video (Reels / TikTok / Shorts);Audio / podcasts;Social media (Instagram / Reddit / non vertical video)","Early morning (before 9am);Lunch time (12–2pm);Evening (6–9pm)","News aggregators (e.g., Apple News)","Yes, occasionally","I do not pay for any news content","Didn’t use it enough","Trust less but still read","No","Frequently","No","Daily short updates (like 1min summaries);Personalized content feed;Interactive features (eg. games, quizzes)","Open an internet search for more information","Information Aggregators (like S&P);News Sites;Industry Trades","Very Interested","Content-led","Helps me make financial/investment decisions;Deep explanations / analysis","Yes","Instagram;YouTube;Podcasts;New York Times (NYT);Wall Street Journal (WSJ);The Economist;Washington Post;Associated Press;Reuters;Morning Brew;Harvard Business Review","","$0-5","35–44","Working full-time","Filter by section and hyperlinks to relevant topics ","I have concerns that media is slowly gravitating towards a smaller population who are in control of the media more and held less accountable. Think pod casters, TikTok, social media CC. More and more ppl are getting their news from these sources who are not checked or balanced by a system of editors or held accountable by a board or internal governance.","","","","","","","","",""
"2026/04/27 6:04:41 PM AST","Email","Early morning (before 9am)","Email newsletters","Never","General awareness","Too expensive","Trust less but still read","No","Never","No","Daily short updates (like 1min summaries)","Look for a link to read the full article","Industry Trades;Individual Creators / Bloggers","Somewhat Interested","Content-led","Breaking news","Only if very interesting","New York Times (NYT);Wall Street Journal (WSJ)","New York Times (NYT);Wall Street Journal (WSJ)","$5-10","45–54","Working part-time/freelancing","Easy readability","","","","","","","","","",""
"2026/04/27 6:08:15 PM AST","Articles on desktop browser;Articles on mobile broswer;Short-form video (Reels / TikTok / Shorts)","Early morning (before 9am);Lunch time (12–2pm)","Email newsletters","Yes, occasionally","Staying competitive in career","Didn’t use it enough","No impact","No","Frequently","Yes","Daily short updates (like 1min summaries);Personalized content feed","Look for a link to read the full article","Information Aggregators (like S&P);News Sites","Very Interested","Content-led","Helps me in my career;Helps me make financial/investment decisions","","","","","18–24","Working full-time","","","","","","","","","","",""
"2026/04/27 6:11:19 PM AST","Articles on mobile broswer;Substack;Social media (Instagram / Reddit / non vertical video)","Late night (after 9pm)","Social media","Never","General awareness","Too expensive","Completely destroys trust","0.10","Never","Yes","Daily short updates (like 1min summaries);I don’t use news daily","Look for a link to read the full article","Information Aggregators (like S&P);Social Media","Somewhat Interested","Content-led","Helps me in my career;Deep explanations / analysis","Yes","X  (Twitter);Substack;New York Times (NYT);Wall Street Journal (WSJ);Washington Post","New York Times (NYT);Wall Street Journal (WSJ);Business Insider","$5-10","25–34","Student (full-time/part-time)","","","","","","","","","","",""
"2026/04/27 6:13:02 PM AST","Articles on desktop browser","Early morning (before 9am)","Directly on a news website/app","Yes, daily","Making investment decisions","Too expensive","Completely destroys trust","Yes","Never","Yes","Daily short updates (like 1min summaries)","Move on to the next video","Information Aggregators (like S&P)","Very Interested","Content-led","Helps me in my career","Yes","Instagram","Wall Street Journal (WSJ)","$0-5","25–34","Student (full-time/part-time)","no","yes","","","","","","","","",""
"2026/04/27 6:14:47 PM AST","Articles on desktop browser;Articles on mobile broswer;Articles on a news app;Short-form video (Reels / TikTok / Shorts);Long-form video (YouTube / Etc);Audio / podcasts;TV / cable;Interactive charts / data;Social media (Instagram / Reddit / non vertical video)","Early morning (before 9am)","Word of mouth / Slack / group chats","Never","I do not pay for any news content","Too expensive","Trust less but still read","No","Never","No","Daily short updates (like 1min summaries)","Move on to the next video","Pitchbook ","Not Interested","Creator-led","Helps me in my career;Helps me make financial/investment decisions;Deep explanations / analysis","Only if very interesting","Instagram;YouTube;Podcasts;New York Times (NYT);The Economist","","I wouldn't pay","25–34","Working full-time","Summary, high level","","","","","","","","","",""
"2026/04/27 6:31:07 PM AST","TV / cable;Social media (Instagram / Reddit / non vertical video)","Evening (6–9pm);Late night (after 9pm)","Email newsletters","Never","I do not pay for any news content","Never cancelled a subscription","No impact","No","Never","No","I don’t use news daily","Move on to the next video","Social Media;Google search  ","Neutral","No preference","Helps me in my career;Helps me make financial/investment decisions;Breaking news;Entertainment","No","TikTok;Instagram;YouTube;Podcasts","","$0-5","35–44","Between roles/job searching","","","","","","","","","","",""
"2026/04/27 6:33:18 PM AST","Articles on a news app;Short-form video (Reels / TikTok / Shorts);Long-form video (YouTube / Etc);Interactive charts / data","Early morning (before 9am)","Social media","Yes, daily","I do not pay for any news content","Didn’t use it enough","Trust less but still read","No","Frequently","Yes","Daily short updates (like 1min summaries)","Move on to the next video","Social Media","Somewhat Interested","Content-led","Helps me in my career;Deep explanations / analysis","Only if very interesting","Endpoint ","New York Times (NYT)","$0-5","25–34","Working part-time/freelancing","I don’t think I will subscribe ","","","","","","","","","",""
"2026/04/27 6:33:34 PM AST","Articles on a news app;Short-form video (Reels / TikTok / Shorts);Long-form video (YouTube / Etc);Audio / podcasts;Social media (Instagram / Reddit / non vertical video)","Early morning (before 9am);Evening (6–9pm)","Social media","Yes, occasionally","General awareness;Entertainment","Didn’t use it enough","I would not pay for it","Yes","Never","No","Daily short updates (like 1min summaries)","Begin looking at similar videos","Social Media;Industry Trades","Not Interested","Content-led","Deep explanations / analysis;Breaking news","Yes","TikTok;Instagram;X  (Twitter);YouTube;Podcasts;Washington Post;Newsmax","New York Times (NYT);Newsmax","$0-5","25–34","Working full-time","Links to articles of the opposite argument ","Great job!","","","","","","","","",""
"2026/04/27 6:37:42 PM AST","Articles on mobile broswer;Articles on a news app;Social media (Instagram / Reddit / non vertical video)","Early morning (before 9am);Lunch time (12–2pm)","Social media","Yes, occasionally","Making investment decisions;Academic research","Too many ads / bad UI","Trust less but still read","No","Occasionally","Not sure","Daily short updates (like 1min summaries);Personalized content feed","Move on to the next video","Information Aggregators (like S&P);Industry Trades","Neutral","Content-led","Helps me in my career;Helps me make financial/investment decisions","Only if very interesting","TikTok;X  (Twitter);YouTube;Podcasts;New York Times (NYT);Wall Street Journal (WSJ);The Economist","New York Times (NYT);Wall Street Journal (WSJ)","$5-10","25–34","Student (full-time/part-time)","Reliability","","","","","","","","","",""
"2026/04/27 6:39:30 PM AST","Articles on mobile broswer;Short-form video (Reels / TikTok / Shorts);Long-form video (YouTube / Etc);Social media (Instagram / Reddit / non vertical video)","Late morning (9am–12pm);Late night (after 9pm)","Social media","Yes, daily","I do not pay for any news content","Never cancelled a subscription","Trust less but still read","Yes","Occasionally","Not sure","Daily short updates (like 1min summaries);Personalized content feed","Open an internet search for more information","Social Media;Individual Creators / Bloggers","Very Interested","Content-led","Story aggregation (many specific news stories curated to my interests)","Only if very interesting","TikTok;YouTube;Morning Brew","New York Times (NYT);Wall Street Journal (WSJ)","$5-10","25–34","Student (full-time/part-time)","","","","","","","","","","",""
"2026/04/27 6:43:48 PM AST","Short-form video (Reels / TikTok / Shorts);Long-form video (YouTube / Etc);Social media (Instagram / Reddit / non vertical video)","Late morning (9am–12pm);Afternoon (2–6pm)","Social media","Rarely","I do not pay for any news content","Too many ads / bad UI","Completely destroys trust","No","Never","Not sure","Daily short updates (like 1min summaries);Newsletters;Personalized content feed","Open an internet search for more information","News Sites;Social Media;Individual Creators / Bloggers","Very Interested","Content-led","Helps me in my career;Helps me make financial/investment decisions;Deep explanations / analysis","Only if very interesting","X  (Twitter);YouTube;Substack;Podcasts;Reuters;Yahoo Finance","New York Times (NYT);Wall Street Journal (WSJ);Reuters","$0-5","25–34","Student (full-time/part-time)","a fact checking tool","","","","","","","","","",""
"2026/04/27 6:44:01 PM AST","Articles on desktop browser;Articles on mobile broswer;Articles on a news app;Long-form video (YouTube / Etc);Audio / podcasts;Social media (Instagram / Reddit / non vertical video)","Early morning (before 9am);Evening (6–9pm)","Directly on a news website/app","Rarely","General awareness","Too expensive","Trust less but still read",".50 im cheap","Never","No","Daily short updates (like 1min summaries);Personalized content feed","Begin looking at similar videos","News Sites","Somewhat Interested","No preference","Helps me in my career;Helps me make financial/investment decisions;Deep explanations / analysis;Breaking news","Only if very interesting","X  (Twitter);YouTube;New York Times (NYT);Wall Street Journal (WSJ);Business Insider;Reuters;Bloomberg;Financial Times;The New Yorker","New York Times (NYT);Wall Street Journal (WSJ)","$0-5","25–34","Student (full-time/part-time)","Relevancy","","","","","","","","","",""
"2026/04/27 6:45:02 PM AST","Articles on desktop browser;Articles on mobile broswer;Short-form video (Reels / TikTok / Shorts);Audio / podcasts","Late morning (9am–12pm)","Social media","Yes, daily","General awareness;Entertainment","Didn’t use it enough","Trust less but still read","No","Frequently","No","Newsletters","Move on to the next video","Social Media","Somewhat Interested","Creator-led","Helps me in my career;Deep explanations / analysis","Only if very interesting","Instagram;X  (Twitter);YouTube;Morning Brew","Wall Street Journal (WSJ)","$5-10","18–24","Working full-time","Bespoke algorithm recommending the news","","","","","","","","","",""
"2026/04/27 6:45:18 PM AST","Articles on desktop browser;Articles on mobile broswer;Long-form video (YouTube / Etc);Social media (Instagram / Reddit / non vertical video)","Late morning (9am–12pm);Lunch time (12–2pm)","Social media","Never","I do not pay for any news content","Never paid for news","Completely destroys trust","No","Occasionally","No","Newsletters;Personalized content feed","Move on to the next video","Social Media;Industry Trades","Very Interested","Content-led","Helps me in my career;Helps me make financial/investment decisions","Yes","Instagram;X  (Twitter);YouTube","","$5-10","25–34","Working full-time","Hassle free cancellation.","","","","","","","","","",""
"2026/04/27 6:51:11 PM AST","Articles on desktop browser;Articles on mobile broswer;Articles on a news app;TV / cable;Interactive charts / data;Social media (Instagram / Reddit / non vertical video)","Early morning (before 9am);Late morning (9am–12pm);Lunch time (12–2pm);Afternoon (2–6pm);Evening (6–9pm);Late night (after 9pm)","Directly on a news website/app","Rarely","Making investment decisions;Staying competitive in career;General awareness;Entertainment;Academic research","Too expensive","Completely destroys trust","Yes","Occasionally","Yes","Daily short updates (like 1min summaries);Interactive features (eg. games, quizzes)","Look for a link to read the full article","Information Aggregators (like S&P);News Sites;Industry Trades;Individual Creators / Bloggers","Very Interested","Content-led","Helps me in my career;Deep explanations / analysis;Breaking news","Yes","Wall Street Journal (WSJ);Yahoo Finance;Harvard Business Review","Wall Street Journal (WSJ)","$10-20","25–34","Student (full-time/part-time)","Focus on business/finance","","","","","","","","","",""
"2026/04/27 6:55:43 PM AST","Articles on desktop browser;Articles on mobile broswer;Articles on a news app;Short-form video (Reels / TikTok / Shorts);Long-form video (YouTube / Etc);Social media (Instagram / Reddit / non vertical video)","Lunch time (12–2pm)","News aggregators (e.g., Apple News)","Yes, daily","I do not pay for any news content","Never paid for news","Trust less but still read","No","Frequently","Not sure","Daily short updates (like 1min summaries);Personalized content feed","Move on to the next video","News Sites;Social Media","Very Interested","Content-led","Helps me make financial/investment decisions;Deep explanations / analysis;Breaking news","Only if very interesting","Instagram;YouTube;Podcasts;New York Times (NYT);Wall Street Journal (WSJ);Bloomberg","None","I wouldn't pay","18–24","Working full-time","AI Push Notification","","","","","","","","","",""
"2026/04/27 7:02:13 PM AST","Articles on mobile broswer;Short-form video (Reels / TikTok / Shorts);Audio / podcasts;Social media (Instagram / Reddit / non vertical video);email subscriptions","Late morning (9am–12pm);Afternoon (2–6pm)","Social media","Yes, occasionally","Making investment decisions;Staying competitive in career","Didn’t use it enough","No impact","No","Frequently","Yes","Newsletters","Move on to the next video","Information Aggregators (like S&P);News Sites;Individual Creators / Bloggers","Neutral","Creator-led","Deep explanations / analysis","Only if very interesting","Instagram;YouTube;Podcasts;New York Times (NYT);Wall Street Journal (WSJ);The Economist;Business Insider;The Atlantic;Reuters;Bloomberg;The Guardian;The New Yorker;Yahoo Finance;Morning Brew;Harvard Business Review","New York Times (NYT);Wall Street Journal (WSJ);The Atlantic;Reuters;Bloomberg;The New Yorker;Morning Brew","$5-10","18–24","Working full-time","Deep analysis, unique perspective","","","","","","","","","",""
"2026/04/27 7:02:32 PM AST","Articles on desktop browser;Articles on mobile broswer;Social media (Instagram / Reddit / non vertical video)","Late morning (9am–12pm);Evening (6–9pm);Late night (after 9pm)","Social media","Never","Staying competitive in career;General awareness;Entertainment","Didn’t use it enough","Trust less but still read","$.99","Never","No","Personalized content feed","Look for a link to read the full article","News Sites;Social Media;Industry Trades","Neutral","Creator-led","Helps me make financial/investment decisions;Deep explanations / analysis;Support local journalism","Yes","X  (Twitter);Harvard Business Review;BlueSky","Slate, ProPublica, HellGate NYC","$10-20","35–44","Working full-time","Good support for local insights","","","","","","","","","",""
"2026/04/27 7:11:08 PM AST","Articles on mobile broswer;Short-form video (Reels / TikTok / Shorts);Social media (Instagram / Reddit / non vertical video);Xiaohongshu","Late morning (9am–12pm);Evening (6–9pm)","Social media","Rarely","Making investment decisions;Academic research","Didn’t use it enough","Trust less but still read","0.99 for a day seems expensive, especially since most news platform offers a subscription for ~$10 for a month. I would however opt in for a free trial of some sort ","Frequently","Yes","Personalized content feed","Move on to the next video","Information Aggregators (like S&P);Social Media","Very Interested","Content-led","Helps me in my career;Helps me make financial/investment decisions;Deep explanations / analysis","Only if very interesting","TikTok;Instagram;X  (Twitter);YouTube","Wall Street Journal (WSJ);Bloomberg;Financial Times","$10-20","18–24","Working full-time","Have a comment section to see what other people are thinking ","","","","","","","","","",""
"2026/04/27 7:12:02 PM AST","Articles on mobile broswer","Early morning (before 9am);Late morning (9am–12pm);Lunch time (12–2pm);Afternoon (2–6pm);Evening (6–9pm);Late night (after 9pm)","Social media","Yes, occasionally","Making investment decisions;Staying competitive in career;Academic research","Too expensive","Trust less but still read","No","Occasionally","No","Daily short updates (like 1min summaries);Newsletters","Begin looking at similar videos","Social Media","Very Interested","Content-led","Helps me in my career","Yes","TikTok;Instagram","New York Times (NYT);The Economist","$0-5","35–44","Working full-time","Find similar videos for certain issues ","","","","","","","","","",""
"2026/04/27 7:39:42 PM AST","Short-form video (Reels / TikTok / Shorts);Social media (Instagram / Reddit / non vertical video)","Early morning (before 9am);Lunch time (12–2pm)","Word of mouth / Slack / group chats","Never","I do not pay for any news content","Never paid for news","Trust less but still read","Yes","Occasionally","No","Daily short updates (like 1min summaries);Personalized content feed","Move on to the next video","Information Aggregators (like S&P);Social Media;Industry Trades;Individual Creators / Bloggers","Very Interested","Content-led","Helps me in my career;Helps me make financial/investment decisions;Deep explanations / analysis","Only if very interesting","Instagram","","$0-5","18–24","Student (full-time/part-time)","It has personalized directions.","","","","","","","","","",""
"2026/04/27 7:42:33 PM AST","Articles on desktop browser;Articles on mobile broswer;Articles on a news app;Short-form video (Reels / TikTok / Shorts);Audio / podcasts;Social media (Instagram / Reddit / non vertical video)","Early morning (before 9am);Afternoon (2–6pm);Evening (6–9pm);Late night (after 9pm)","Social media","Yes, occasionally","Staying competitive in career;General awareness;Entertainment","Too many ads / bad UI","Trust less but still read","Yes","Occasionally","Yes","Daily short updates (like 1min summaries);Newsletters;Personalized content feed","Move on to the next video","Information Aggregators (like S&P)","Somewhat Interested","Creator-led","Deep explanations / analysis","Only if very interesting","Instagram;Podcasts;New York Times (NYT);Wall Street Journal (WSJ);The Economist;The Atlantic;Reuters;Bloomberg;Financial Times;The New Yorker;Morning Brew;Harvard Business Review","New York Times (NYT);Wall Street Journal (WSJ);The Economist;The Atlantic;Bloomberg;The New Yorker;Harvard Business Review","$5-10","35–44","Working full-time","","","","","","","","","","",""
"2026/04/27 8:09:31 PM AST","Short-form video (Reels / TikTok / Shorts)","Late morning (9am–12pm)","Social media","Yes, daily","Staying competitive in career","Too many ads / bad UI","Trust less but still read","No","Frequently","No","Daily short updates (like 1min summaries)","Begin looking at similar videos","Information Aggregators (like S&P)","Somewhat Interested","Content-led","Helps me in my career","Only if very interesting","TikTok;Instagram;New York Times (NYT);Wall Street Journal (WSJ)","New York Times (NYT)","$5-10","25–34","Student (full-time/part-time)","Timely and accuracy","","","","","","","","","",""
"2026/04/27 8:09:50 PM AST","Long-form video (YouTube / Etc);Social media (Instagram / Reddit / non vertical video)","Early morning (before 9am);Late morning (9am–12pm);Lunch time (12–2pm);Late night (after 9pm)","Social media","Yes, daily","Staying competitive in career;Academic research","Didn’t use it enough","Completely destroys trust","No","Occasionally","No","Daily short updates (like 1min summaries);Personalized content feed;I don’t use news daily","Open an internet search for more information","Individual Creators / Bloggers","Somewhat Interested","Creator-led","Helps me in my career;Helps me make financial/investment decisions","No","X  (Twitter)","New York Times (NYT);Wall Street Journal (WSJ);The Economist","I wouldn't pay","18–24","Student (full-time/part-time)","Absolute truth","","","","","","","","","",""
"2026/04/27 8:33:11 PM AST","Articles on desktop browser;Articles on mobile broswer;Articles on a news app","Early morning (before 9am);Evening (6–9pm);Late night (after 9pm)","News aggregators (e.g., Apple News)","Rarely","Making investment decisions;Staying competitive in career;General awareness","Never paid for news","No impact","No","Occasionally","No","Newsletters;Personalized content feed","Move on to the next video","Information Aggregators (like S&P);News Sites;Industry Trades","Neutral","Content-led","Helps me in my career;Helps me make financial/investment decisions;Deep explanations / analysis","Only if very interesting","New York Times (NYT);Wall Street Journal (WSJ);The Economist;Business Insider;Washington Post;USA Today;Associated Press;Reuters;Bloomberg;The Guardian;Financial Times;Harvard Business Review","New York Times (NYT);Wall Street Journal (WSJ);Financial Times","$10-20","35–44","Between roles/job searching","A meter that allowed to understand political influence in news stories.","","","","","","","","","",""
"2026/04/27 8:53:45 PM AST","Articles on desktop browser;Articles on mobile broswer;Articles on a news app;Audio / podcasts;TV / cable","Early morning (before 9am);Evening (6–9pm);Late night (after 9pm)","Directly on a news website/app","Yes, occasionally","Making investment decisions;General awareness;Academic research","Too many ads / bad UI","Trust less but still read","No","Occasionally","Yes","Daily short updates (like 1min summaries);Newsletters","Open an internet search for more information","News Sites;Industry Trades","Not Interested","Creator-led","Helps me make financial/investment decisions","Only if very interesting","New York Times (NYT);Wall Street Journal (WSJ);The Economist;Washington Post;The Atlantic;The Guardian;Financial Times;The New Yorker","New York Times (NYT);Wall Street Journal (WSJ);The Economist;Washington Post;The Atlantic;The New Yorker","$20+","35–44","Working full-time","Quality content! ","","","","","","","","","",""
"2026/04/27 9:13:39 PM AST","Articles on a news app;Social media (Instagram / Reddit / non vertical video)","Early morning (before 9am);Evening (6–9pm)","App notifications ","Rarely","General awareness","Never paid for news","Trust less but still read","Yes","Occasionally","Yes","Daily short updates (like 1min summaries)","Open an internet search for more information","Social Media","Neutral","Content-led","Breaking news;Story aggregation (many specific news stories curated to my interests)","Only if very interesting","Instagram;New York Times (NYT);Wall Street Journal (WSJ)","New York Times (NYT);Wall Street Journal (WSJ)","I wouldn't pay","35–44","Working full-time","","","","","","","","","","",""
"2026/04/27 9:15:23 PM AST","Articles on mobile broswer;Articles on a news app;Short-form video (Reels / TikTok / Shorts);Audio / podcasts;TV / cable;Interactive charts / data;Social media (Instagram / Reddit / non vertical video)","Early morning (before 9am);Lunch time (12–2pm);Evening (6–9pm)","Directly on a news website/app","Yes, daily","Academic research","Found similar content for free","Trust less but still read","0.50","Occasionally","Not sure","Daily short updates (like 1min summaries);Personalized content feed","Open an internet search for more information","News Sites","Not Interested","Content-led","Helps me in my career","Only if very interesting","Instagram;X  (Twitter);New York Times (NYT);The Guardian","","$0-5","25–34","Student (full-time/part-time)","Easy to read and objective facts ","","","","","","","","","",""
"2026/04/27 9:49:07 PM AST","Short-form video (Reels / TikTok / Shorts);Social media (Instagram / Reddit / non vertical video)","Late night (after 9pm)","Social media","Never","I do not pay for any news content","Never paid for news","Completely destroys trust","No","Never","No","free access","Open an internet search for more information","NA","Not Interested","Content-led","Breaking news","Yes","Instagram;New York Times (NYT);Associated Press;The Guardian;PBS","","$0-5","25–34","Student (full-time/part-time)","","","","","","","","","","",""
"2026/04/27 9:54:35 PM AST","Articles on mobile broswer;Short-form video (Reels / TikTok / Shorts);Long-form video (YouTube / Etc);Social media (Instagram / Reddit / non vertical video)","Lunch time (12–2pm)","Directly on a news website/app","Never","General awareness","Never paid for news","Completely destroys trust","No","Never","Yes","Daily short updates (like 1min summaries);Newsletters;Personalized content feed","Begin looking at similar videos","News Sites;Social Media","Somewhat Interested","Content-led","Helps me in my career;Helps me make financial/investment decisions;Deep explanations / analysis","No","TikTok;Instagram;X  (Twitter);Substack;Podcasts;New York Times (NYT);Wall Street Journal (WSJ);The Economist;Business Insider;Washington Post;Associated Press;Bloomberg;The Guardian;Financial Times;The New Yorker","","I wouldn't pay","25–34","Working full-time","Have trusted veteran reporters ","","","","","","","","","",""
"2026/04/27 9:56:15 PM AST","Articles on desktop browser;Articles on mobile broswer;Short-form video (Reels / TikTok / Shorts);Long-form video (YouTube / Etc);Audio / podcasts;Social media (Instagram / Reddit / non vertical video)","Early morning (before 9am);Evening (6–9pm);Late night (after 9pm)","Social media","Rarely","General awareness","Too expensive","I would not pay for it","No","Occasionally","No","Personalized content feed","Look for a link to read the full article","Social Media;Industry Trades;Google ","Neutral","Creator-led","Entertainment","Only if very interesting","Instagram;YouTube;Podcasts;New York Times (NYT);Wall Street Journal (WSJ);The Economist;Vanity Fair;Harvard Business Review","Wall Street Journal (WSJ);The Economist;Harvard Business Review","$5-10","45–54","Working full-time","I prefer open sources, if I do not have to pay is a must have.","I am a little tired of paying subcriptions. I cancelled some of my actual and notice that I don’t need again using similar not paid.","","","","","","","","",""
"2026/04/27 10:39:05 PM AST","Interactive charts / data;Social media (Instagram / Reddit / non vertical video)","Early morning (before 9am)","Social media","Rarely","I do not pay for any news content","Didn’t use it enough","I would not pay for it","","","","Daily short updates (like 1min summaries)","","Individual Creators / Bloggers","Somewhat Interested","No preference","Breaking news","Only if very interesting","Instagram","Wall Street Journal (WSJ)","$5-10","25–34","Working full-time","","","","","","","","","","",""
"2026/04/27 11:38:48 PM AST","Articles on desktop browser","Early morning (before 9am)","Directly on a news website/app","Yes, daily","Making investment decisions;Staying competitive in career;General awareness;Entertainment;Academic research","Didn’t use it enough","Trust less but still read","No","Occasionally","No","Newsletters;Personalized content feed;Interactive features (eg. games, quizzes)","Move on to the next video","Information Aggregators (like S&P);News Sites;Social Media","Somewhat Interested","Creator-led","Deep explanations / analysis;Breaking news;Entertainment;Story aggregation (many specific news stories curated to my interests)","Only if very interesting","TikTok;Instagram;X  (Twitter);YouTube;Podcasts;New York Times (NYT)","New York Times (NYT);Wall Street Journal (WSJ);The Economist;Business Insider;Washington Post;USA Today","$10-20","18–24","Working full-time","Personalization","","","","","","","","","",""
"2026/04/28 12:04:02 AM AST","Articles on desktop browser;Articles on a news app;Audio / podcasts;newsletter","Late morning (9am–12pm)","News aggregators (e.g., Apple News)","Yes, occasionally","Staying competitive in career;Academic research","Didn’t use it enough","Trust less but still read","No","Frequently","Yes","Daily short updates (like 1min summaries);Newsletters","Move on to the next video","Individual Creators / Bloggers","Somewhat Interested","Creator-led","Helps me in my career;Helps me make financial/investment decisions;Deep explanations / analysis","Yes","X  (Twitter);Substack;Podcasts;Morning Brew","Endpoints, STAT","$20+","18–24","Working full-time","Exclusive insights / quality contents","","","","","","","","","",""
"2026/04/28 12:15:55 AM AST","Articles on desktop browser;Articles on mobile broswer;Short-form video (Reels / TikTok / Shorts);Substack;Audio / podcasts","Early morning (before 9am);Afternoon (2–6pm)","News aggregators (e.g., Apple News)","Yes, occasionally","Making investment decisions;Staying competitive in career;General awareness;Entertainment","Didn’t use it enough","Trust less but still read","Yes","Frequently","Yes","Daily short updates (like 1min summaries);Personalized content feed;Interactive features (eg. games, quizzes)","Move on to the next video","News Sites;Industry Trades","Very Interested","Content-led","Helps me in my career;Helps me make financial/investment decisions;Deep explanations / analysis","Only if very interesting","TikTok;Instagram;X  (Twitter);Substack;Podcasts;New York Times (NYT);Wall Street Journal (WSJ);Washington Post","Wall Street Journal (WSJ)","$5-10","18–24","Working full-time","Easily digestable","","","","","","","","","",""
"2026/04/28 8:01:38 AM AST","Articles on desktop browser;Short-form video (Reels / TikTok / Shorts);Audio / podcasts","Late morning (9am–12pm)","Word of mouth / Slack / group chats","Rarely","Academic research","Didn’t use it enough","Trust less but still read","No","Occasionally","Yes","Daily short updates (like 1min summaries);Personalized content feed","Move on to the next video","Information Aggregators (like S&P);News Sites;Individual Creators / Bloggers","Somewhat Interested","Content-led","Helps me in my career","Only if very interesting","X  (Twitter)","Reuters;Bloomberg;The New Yorker","$10-20","18–24","Student (full-time/part-time)","Good filtering. I only care about update in certain fields.","","","","","","","","","",""
"2026/04/28 9:22:11 AM AST","Articles on desktop browser;Articles on mobile broswer;Articles on a news app;Short-form video (Reels / TikTok / Shorts);Audio / podcasts;Interactive charts / data;Social media (Instagram / Reddit / non vertical video)","Late morning (9am–12pm);Lunch time (12–2pm);Evening (6–9pm);Late night (after 9pm)","Social media","Never","Making investment decisions;General awareness;Academic research","Too expensive","Completely destroys trust","I’d rather have access to a source I trust at all times, not just during breaking news moments. If I needed to read one very specific article with a specific source, I would consider the day pass but be annoyed with it","Never","Yes","Having something notify me that a new, interesting piece is available over social media pretty much always works to bring me back to the source ","Open an internet search for more information","News Sites;Industry Trades","Not Interested","Content-led","Deep explanations / analysis","Yes","Instagram;Podcasts;New York Times (NYT);Washington Post;Associated Press;The Atlantic;Reuters;The Guardian;Morning Brew;Harvard Business Review","New York Times (NYT);The Guardian","I have a strong belief that journalism is for the public good. I would say $5-10/month generally, but there should be options for lower income individuals to access things for lower cost/free and options for individuals who can to donate more. A well-funded journalistic group that doesn’t have to charge subscription is my ideal ","25–34","Working full-time","Deep analysis from well educated, trusted journalists. Content that strives to be as objective as possible. News groups that site their sources, reference strong data sets, and issue retractions when they make a mistake ","","","","","","","","","",""
"2026/04/28 9:23:55 AM AST","Articles on desktop browser;Articles on mobile broswer;Articles on a news app;Audio / podcasts;TV / cable","Early morning (before 9am)","Directly on a news website/app","Yes, occasionally","Making investment decisions;Staying competitive in career;General awareness;Entertainment","Didn’t use it enough","Trust less but still read","Yes","Occasionally","Yes","I come back for the articles and writing wuality","Move on to the next video","Industry Trades;Individual Creators / Bloggers","Not Interested","Content-led","Helps me in my career","Yes","New York Times (NYT);Wall Street Journal (WSJ);Associated Press;The Atlantic;Reuters;Harvard Business Review","New York Times (NYT);Wall Street Journal (WSJ);The Atlantic;Financial Times;Harvard Business Review","$5-10","45–54","Working full-time","Articles that I can’t get elsewhere ","","","","","","","","","",""
"2026/04/28 10:23:30 AM AST","Articles on a news app;Spotify!! Morning Brew Daily","Early morning (before 9am);Late night (after 9pm)","School lectures! Professors give info on trends, then I go to news outlets that cover that space","Yes, occasionally","I do not pay for any news content;I get paid news content through school. I wouldn't pay for it myself, at least not yet","Never cancelled a subscription","Trust less but still read","I'd pay $0.25 for a day pass!","Never","Not sure","Daily short updates (like 1min summaries);Newsletters;Truly customizable alerts. Not tag-based but content-summary based","Open an internet search for more information","Information Aggregators (like S&P);News Sites","Somewhat Interested","No preference","Helps me in my career;Deep explanations / analysis","Only if very interesting","","","","25–34","Student (full-time/part-time)","","","","","","","","","","",""
"2026/04/28 10:38:16 AM AST","Articles on desktop browser;Articles on mobile broswer;Short-form video (Reels / TikTok / Shorts);Long-form video (YouTube / Etc);Social media (Instagram / Reddit / non vertical video)","Early morning (before 9am);Late morning (9am–12pm);Lunch time (12–2pm);Afternoon (2–6pm);Evening (6–9pm);Late night (after 9pm)","Social media","Never","General awareness","Didn’t use it enough","Trust less but still read","This, but indefinite pay-per-article option too ","Never","No","Less propaganda/blind allegiance to pre-approved narratives ","Sometimes all of these ","Industry Trades;Company website ","Somewhat Interested","No preference","Helps me make financial/investment decisions;Deep explanations / analysis","Yes","Instagram;X  (Twitter);YouTube;Substack;New York Times (NYT);Wall Street Journal (WSJ);The Economist;The Atlantic;Reuters;Financial Times","New York Times (NYT);Wall Street Journal (WSJ)","$20+","35–44","Working full-time","Access to trusted news/info beyond the mainstream ","","","","","","","","","",""
"2026/04/28 10:43:33 AM AST","Articles on desktop browser;Articles on mobile broswer;Short-form video (Reels / TikTok / Shorts);Long-form video (YouTube / Etc);Substack;TV / cable;Interactive charts / data;Social media (Instagram / Reddit / non vertical video)","Early morning (before 9am);Evening (6–9pm);Late night (after 9pm)","Email newsletters","Never","General awareness;Entertainment","Didn’t use it enough","Trust less but still read","No","Never","No","I don’t use news daily","Move on to the next video","Industry Trades","Not Interested","Content-led","Deep explanations / analysis;Breaking news","Yes","Instagram;YouTube;Substack;New York Times (NYT);Associated Press;The Guardian;Morning Brew","New York Times (NYT);The Guardian","$0-5","35–44","Working full-time","Just great news, I can find it if it is great news. I'm only paying for content, not anything else.","","","","","","","","","",""
"2026/04/28 10:45:53 AM AST","Articles on desktop browser;Articles on mobile broswer;Long-form video (YouTube / Etc);Social media (Instagram / Reddit / non vertical video)","Early morning (before 9am);Late morning (9am–12pm);Lunch time (12–2pm);Afternoon (2–6pm);Evening (6–9pm);Late night (after 9pm)","Social media","Rarely","I do not pay for any news content","Never paid for news","No impact","No","Never","No","Daily short updates (like 1min summaries);Personalized content feed","Begin looking at similar videos","News Sites;Social Media","Somewhat Interested","No preference","Story aggregation (many specific news stories curated to my interests)","Only if very interesting","X  (Twitter);YouTube;Substack;New York Times (NYT);Associated Press;Reuters;The Guardian;","","$0-5","45–54","Working full-time","Exclusive content","","","","","","","","","",""
"2026/04/28 11:37:50 AM AST","Articles on desktop browser;Articles on mobile broswer;Short-form video (Reels / TikTok / Shorts);Social media (Instagram / Reddit / non vertical video)","Late morning (9am–12pm);Late night (after 9pm)","Email newsletters","Rarely","General awareness;I do not pay for any news content","Too expensive","Trust less but still read","No","Frequently","No","Daily short updates (like 1min summaries)","read the comments","Industry Trades","Neutral","Content-led","Deep explanations / analysis;Story aggregation (many specific news stories curated to my interests)","Only if very interesting","Instagram;New York Times (NYT);Wall Street Journal (WSJ);Financial Times","New York Times (NYT);Wall Street Journal (WSJ);Financial Times","I wouldn't pay","25–34","Student (full-time/part-time)","","","","","","","","","","",""
"2026/04/28 1:48:53 PM AST","Articles on desktop browser;Articles on mobile broswer;Articles on a news app;Long-form video (YouTube / Etc);Audio / podcasts","Early morning (before 9am);Lunch time (12–2pm);Evening (6–9pm)","News aggregators (e.g., Apple News)","Never","General awareness","Too expensive","I would not pay for it","Yes","Occasionally","Yes","Newsletters","Open an internet search for more information","News Sites;Industry Trades","Neutral","Content-led","Breaking news","Yes","X  (Twitter);YouTube;New York Times (NYT);Washington Post;Associated Press;The Guardian;The New Yorker","New York Times (NYT);The New Yorker","$5-10","18–24","Working full-time","","","","","","","","","","",""
"2026/04/28 2:22:15 PM AST","Articles on a news app;Audio / podcasts;Social media (Instagram / Reddit / non vertical video)","Early morning (before 9am);Late morning (9am–12pm);Lunch time (12–2pm)","Directly on a news website/app","Never","I do not pay for any news content","Didn’t use it enough","Trust less but still read","Yes","Never","Yes","Daily short updates (like 1min summaries);Newsletters","Begin looking at similar videos","Social Media;Individual Creators / Bloggers","Somewhat Interested","Creator-led","Story aggregation (many specific news stories curated to my interests)","Yes","TikTok;YouTube;New York Times (NYT)","New York Times (NYT);Wall Street Journal (WSJ)","$5-10","25–34","Working full-time","I enjoy morning recaps; they usually involve highlights from the day before, breaking news that happened overnight and the such. Gives me a highlight reel of what’s happening.","","","","","","","","","",""
"2026/04/28 5:34:43 PM AST","Articles on desktop browser;Articles on mobile broswer;Long-form video (YouTube / Etc);Interactive charts / data","Early morning (before 9am);Late morning (9am–12pm);Lunch time (12–2pm);Evening (6–9pm);Late night (after 9pm)","Directly on a news website/app","Never","Staying competitive in career;General awareness","Only used subscriptions from work or school ","I would not pay for it","No","Never","Yes","Personalized content feed","Look for a link to read the full article","News Sites","Neutral","Content-led","Helps me make financial/investment decisions;Deep explanations / analysis","Yes","New York Times (NYT);Wall Street Journal (WSJ);The Economist;The Atlantic;The Guardian;Financial Times;The New Yorker;Harvard Business Review","New York Times (NYT);Wall Street Journal (WSJ);Financial Times;Harvard Business Review","I wouldn't pay","18–24","Working full-time","Consistent comprehensive deep analyses","","","","","","","","","",""
"2026/04/28 6:14:47 PM AST","Articles on desktop browser;Articles on a news app;Short-form video (Reels / TikTok / Shorts);Social media (Instagram / Reddit / non vertical video)","Evening (6–9pm);Late night (after 9pm)","Social media","Rarely","I do not pay for any news content","Didn’t use it enough","No impact","Yes","Occasionally","Not sure","Interactive features (eg. games, quizzes)","Move on to the next video","News Sites;Individual Creators / Bloggers","Somewhat Interested","Content-led","Breaking news;Story aggregation (many specific news stories curated to my interests)","Only if very interesting","TikTok;Instagram;X  (Twitter);New York Times (NYT)","New York Times (NYT);Wall Street Journal (WSJ)","$0-5","25–34","Student (full-time/part-time)","","","","","","","","","","",""
"2026/04/28 6:15:08 PM AST","Articles on desktop browser;Articles on mobile broswer;Articles on a news app;Short-form video (Reels / TikTok / Shorts);Audio / podcasts;TV / cable;Social media (Instagram / Reddit / non vertical video)","Early morning (before 9am);Late morning (9am–12pm);Lunch time (12–2pm);Afternoon (2–6pm)","Directly on a news website/app","Yes, occasionally","Making investment decisions;Staying competitive in career;General awareness;I do not pay for any news content","Too expensive","Trust less but still read","No","Occasionally","Yes","Daily short updates (like 1min summaries)","Move on to the next video","Industry Trades;Individual Creators / Bloggers","Neutral","No preference","Helps me in my career;Helps me make financial/investment decisions;Breaking news","Only if very interesting","Instagram;Podcasts;New York Times (NYT);Wall Street Journal (WSJ);Yahoo Finance","New York Times (NYT);Wall Street Journal (WSJ);Morning Brew","$0-5","25–34","Working full-time","Filter for breaking news vs current news.","","","","","","","","","",""
"2026/04/28 6:15:14 PM AST","Audio / podcasts;Social media (Instagram / Reddit / non vertical video)","Early morning (before 9am);Evening (6–9pm);Late night (after 9pm)","Directly on a news website/app","Rarely","Staying competitive in career;General awareness","Never cancelled a subscription","Completely destroys trust","No","Never","Yes","Quality","Nothing","Information Aggregators (like S&P);News Sites","Neutral","Content-led","Helps me in my career;Breaking news","Yes","Instagram;Podcasts;New York Times (NYT);Wall Street Journal (WSJ)","New York Times (NYT);Wall Street Journal (WSJ)","$0-5","35–44","Student (full-time/part-time)","No bias content","","","","","","","","","",""
"2026/04/28 6:15:22 PM AST","Articles on a news app;Short-form video (Reels / TikTok / Shorts);Long-form video (YouTube / Etc);Substack;Audio / podcasts;Social media (Instagram / Reddit / non vertical video)","Early morning (before 9am);Late night (after 9pm)","Directly on a news website/app","Never","Staying competitive in career;General awareness;Entertainment;Academic research","Never cancelled a subscription","Completely destroys trust","Yes","Frequently","Yes","Daily short updates (like 1min summaries);Personalized content feed","Open an internet search for more information","Information Aggregators (like S&P);News Sites","Somewhat Interested","Content-led","Deep explanations / analysis;Story aggregation (many specific news stories curated to my interests)","Yes","X  (Twitter);YouTube;Substack;Podcasts;New York Times (NYT);Wall Street Journal (WSJ);The Economist;The Atlantic;Reuters;The New Yorker","New York Times (NYT);Wall Street Journal (WSJ);The Economist;The Atlantic;The New Yorker","$5-10","35–44","Student (full-time/part-time)","","","","","","","","","","",""
"2026/04/28 6:15:22 PM AST","Articles on desktop browser;Articles on mobile broswer;Articles on a news app;Short-form video (Reels / TikTok / Shorts);Interactive charts / data;Social media (Instagram / Reddit / non vertical video)","Late morning (9am–12pm);Lunch time (12–2pm);Late night (after 9pm)","Email newsletters","Yes, occasionally","Staying competitive in career;General awareness","Too expensive","I would not pay for it","No","Occasionally","Yes","Daily short updates (like 1min summaries)","Move on to the next video","News Sites;Industry Trades","Very Interested","Content-led","Helps me in my career;Helps me make financial/investment decisions;Deep explanations / analysis","Yes","Instagram;New York Times (NYT);Wall Street Journal (WSJ);Reuters;Bloomberg;Financial Times;Morning Brew","New York Times (NYT);Wall Street Journal (WSJ);Bloomberg","$0-5","35–44","Student (full-time/part-time)","Summary and full format ","Quality of reporting, deep analysis, and short and long form articles are key for me","","","","","","","","",""
"2026/04/28 6:15:38 PM AST","Articles on a news app;Short-form video (Reels / TikTok / Shorts);Audio / podcasts;Social media (Instagram / Reddit / non vertical video)","Early morning (before 9am);Evening (6–9pm)","Directly on a news website/app","Yes, occasionally","General awareness","Didn’t use it enough","Trust less but still read","Yes","Occasionally","Yes","Personalized content feed","Begin looking at similar videos","Information Aggregators (like S&P);News Sites;Industry Trades;Individual Creators / Bloggers","Neutral","Content-led","Helps me in my career;Deep explanations / analysis;Breaking news;Entertainment","Only if very interesting","Instagram;YouTube;Podcasts;New York Times (NYT);Wall Street Journal (WSJ);Financial Times;Morning Brew","New York Times (NYT);Financial Times","$5-10","25–34","Working part-time/freelancing","","","","","","","","","","",""
"2026/04/28 6:15:46 PM AST","Audio / podcasts;email- morning brew!","Early morning (before 9am);Late night (after 9pm)","Email newsletters","Rarely","Staying competitive in career;free nyu subscription to ny times & wsj","Too expensive","Trust less but still read","No","Occasionally","No","Daily short updates (like 1min summaries);Newsletters;Interactive features (eg. games, quizzes)","Move on to the next video","Information Aggregators (like S&P);News Sites","Somewhat Interested","Creator-led","Helps me in my career;Helps me make financial/investment decisions","Yes","New York Times (NYT);Wall Street Journal (WSJ);The Economist;Morning Brew","New York Times (NYT);Wall Street Journal (WSJ);Morning Brew","$5-10","35–44","","accurate, gives me enhanced knowledge, unbiased","","","","","","","","","",""
"2026/04/28 6:16:04 PM AST","Articles on mobile broswer;Articles on a news app;Short-form video (Reels / TikTok / Shorts);Long-form video (YouTube / Etc);Audio / podcasts;Social media (Instagram / Reddit / non vertical video)","Early morning (before 9am);Late night (after 9pm)","Directly on a news website/app","Yes, occasionally","Making investment decisions;Staying competitive in career;General awareness;Academic research","Too expensive","Trust less but still read","No","Occasionally","Yes","Daily short updates (like 1min summaries);Personalized content feed","Move on to the next video","Information Aggregators (like S&P);News Sites;Social Media;Industry Trades;Individual Creators / Bloggers","Very Interested","Content-led","Helps me in my career;Helps me make financial/investment decisions;Deep explanations / analysis;Breaking news","Only if very interesting","TikTok;Instagram;YouTube;New York Times (NYT);Wall Street Journal (WSJ);Bloomberg","New York Times (NYT);Wall Street Journal (WSJ)","$5-10","18–24","Student (full-time/part-time)","Related to my work","","","","","","","","","",""
"2026/04/28 6:16:43 PM AST","Articles on a news app;Short-form video (Reels / TikTok / Shorts);Long-form video (YouTube / Etc);Substack;Audio / podcasts;Social media (Instagram / Reddit / non vertical video)","Early morning (before 9am);Late morning (9am–12pm);Lunch time (12–2pm);Afternoon (2–6pm)","Social media","Rarely","Helps my career in tech ","Too expensive","Trust less but still read","Yes","Occasionally","Yes","Newsletters","Move on to the next video","Information Aggregators (like S&P);News Sites;Industry Trades;Individual Creators / Bloggers","Somewhat Interested","Creator-led","Helps me in my career;Deep explanations / analysis","Only if very interesting","Instagram;X  (Twitter);YouTube;Substack;Podcasts;The Economist;Morning Brew","New York Times (NYT);Wall Street Journal (WSJ);The Economist;Harvard Business Review","$5-10","35–44","Working full-time","Detailed analysis and opinions on industry I’m interested in. ","","","","","","","","","",""
"2026/04/28 6:17:57 PM AST","Articles on mobile broswer;Long-form video (YouTube / Etc);Audio / podcasts;Social media (Instagram / Reddit / non vertical video)","Late night (after 9pm)","Social media","Rarely","I do not pay for any news content","Never paid for news","Trust less but still read","Yes","Frequently","","Daily short updates (like 1min summaries)","Look for a link to read the full article","News Sites;Social Media;Individual Creators / Bloggers","Very Interested","Content-led","Helps me in my career;Helps me make financial/investment decisions;Deep explanations / analysis;Story aggregation (many specific news stories curated to my interests)","Yes","Instagram;X  (Twitter);YouTube;Business Insider;Harvard Business Review","The Economist;Business Insider;Financial Times;Harvard Business Review","$0-5","25–34","Student (full-time/part-time)","","","","","","","","","","",""
"2026/04/28 6:18:58 PM AST","Articles on a news app;Audio / podcasts;Social media (Instagram / Reddit / non vertical video)","Early morning (before 9am);Lunch time (12–2pm);Late night (after 9pm)","Social media","Yes, daily","Making investment decisions;Staying competitive in career;General awareness;Entertainment","I found better ones (Switching) ","Trust less but still read","No","Occasionally","Yes","Daily short updates (like 1min summaries)","Open an internet search for more information","Information Aggregators (like S&P);GPT first ","Neutral","Content-led","Helps me in my career;Helps me make financial/investment decisions;Breaking news","Only if very interesting","Podcasts;Wall Street Journal (WSJ);Bloomberg","New York Times (NYT);Wall Street Journal (WSJ)","$10-20","25–34","Student (full-time/part-time)","If it can summarize things that along with my interests","","","","","","","","","",""
"2026/04/28 6:19:07 PM AST","Articles on a news app;TV / cable;Social media (Instagram / Reddit / non vertical video)","Late morning (9am–12pm);Lunch time (12–2pm);Afternoon (2–6pm);Evening (6–9pm);Late night (after 9pm)","Directly on a news website/app","Never","General awareness;Support news organizations I believe in","Too expensive","Trust less but still read","I would probably be open to a smaller fee per article but if it’s not a paper I subscribe to already I probably wouldn’t read anything past the specific article I was trying to access","Frequently","No","Personalized content feed;Interactive features (eg. games, quizzes);Good up to date stories I’m interested in","Move on to the next video","","Neutral","Content-led","Helps me make financial/investment decisions;Deep explanations / analysis;Breaking news","Yes","New York Times (NYT);Wall Street Journal (WSJ);The Guardian;Financial Times","New York Times (NYT);Wall Street Journal (WSJ);The Guardian;Financial Times","Currently paying around $25 for NYT","35–44","PT student/full time work","","BI is not particularly attractive to me because I am not too focused on business news aside from general market information. I don’t need it for work or anything and both FT and WSJ have better overall news ecosystems plus business news. ","","","","","","","","",""
"2026/04/28 6:23:06 PM AST","Articles on desktop browser;Short-form video (Reels / TikTok / Shorts);Substack","Early morning (before 9am);Late night (after 9pm)","Directly on a news website/app","Rarely","General awareness","Didn’t use it enough","I would not pay for it","No","Occasionally","No","Daily short updates (like 1min summaries)","Move on to the next video","News Sites","Very Interested","Content-led","Helps me in my career","Only if very interesting","Instagram;X  (Twitter);New York Times (NYT);Wall Street Journal (WSJ);The Economist;Business Insider;Bloomberg;Morning Brew","New York Times (NYT);Wall Street Journal (WSJ);The Economist","$0-5","25–34","Student (full-time/part-time)","Providing information accurately and unbiasedly","","","","","","","","","",""
"2026/04/28 6:27:21 PM AST","Social media (Instagram / Reddit / non vertical video)","Late night (after 9pm)","Social media","Rarely","I do not pay for any news content","Didn’t use it enough","Trust less but still read","Yes","Occasionally","Not sure","Daily short updates (like 1min summaries)","Open an internet search for more information","Individual Creators / Bloggers","Somewhat Interested","Content-led","Helps me in my career;Story aggregation (many specific news stories curated to my interests)","No","New York Times (NYT);Wall Street Journal (WSJ);Harvard Business Review","","I wouldn't pay","35–44","Working full-time","Highlight of the day/week/month/year","","","","","","","","","",""
"2026/04/29 7:37:19 PM AST","Social media (Instagram / Reddit / non vertical video)","Late morning (9am–12pm);Lunch time (12–2pm)","Social media","Never","Insight ","Didn’t use it enough","Trust less but still read","Yes","Never","No","I don’t use news daily","Move on to the next video","Social Media;Individual Creators / Bloggers","Neutral","Content-led","Helps me make financial/investment decisions;Deep explanations / analysis","No","X  (Twitter)","None","$0-5","25–34","Working full-time","In this age of distraction and mobile phone overuse, a news subscription unfortunately turns out to be another distraction for attention, adn not a must-have. Maybe an end of week/weekend news feature that's insighful, educating and non-addicting, and perhaps timed; forces me to get the top news within 5-10 mins. If I want to dig further, I'd have to pay the day pass for 1-2 hrs, and that's it. On to next week.   ","Quite interested in this idea for piloting, support, and scale. ","","","","","","","","",""
"2026/05/01 1:30:37 PM AST","Articles on desktop browser;Articles on mobile broswer;Long-form video (YouTube / Etc);Audio / podcasts","Late morning (9am–12pm);Evening (6–9pm)","Email newsletters","Never","I do not pay for any news content","Found news was bad for mental health","I would not pay for it","Yes","Never","No","I don’t use news daily","Move on to the next video","Social Media;Individual Creators / Bloggers","Not Interested","No preference","Helps me in my career","Only if very interesting","YouTube;Associated Press","","$5-10","35–44","Working full-time","","","","","","","","","","",""